Date,Open,High,Low,Close,Volume
2014-01-02,1.76,1.79,1.72,1.74,448081
2014-01-03,1.75,1.75,1.71,1.73,123189
2014-01-06,1.74,1.78,1.73,1.74,253121
2014-01-07,1.74,1.77,1.73,1.77,151403
2014-01-08,1.77,1.78,1.76,1.76,206225
2014-01-09,1.77,1.93,1.76,1.9,1265725
2014-01-10,1.93,2.07,1.93,2.02,1634529
2014-01-13,2.05,2.13,2.04,2.11,1139568
2014-01-14,2.07,2.13,2.02,2.09,498945
2014-01-15,2.1,2.17,2.1,2.13,380824
2014-01-16,2.14,2.17,2.1,2.15,291244
2014-01-17,2.15,2.16,2.12,2.16,242586
2014-01-20,2.16,2.19,2.15,2.19,292134
2014-01-21,2.19,2.19,2.16,2.17,182884
2014-01-22,2.18,2.24,2.15,2.21,461040
2014-01-23,2.21,2.22,2.15,2.15,396503
2014-01-24,2.15,2.2,2.08,2.09,923794
2014-01-27,2.05,2.08,1.98,2.06,746476
2014-01-28,2.06,2.15,2.06,2.14,411278
2014-01-29,2.17,2.18,2.06,2.08,333257
2014-01-30,2.1,2.14,2.06,2.14,376413
2014-01-31,2.14,2.19,2.11,2.19,370357
2014-02-03,2.17,2.18,2.14,2.16,263057
2014-02-04,2.15,2.15,2.06,2.08,386536
2014-02-05,2.08,2.12,2.07,2.1,186552
2014-02-06,2.1,2.11,2.08,2.11,161415
2014-02-07,2.11,2.12,2.08,2.12,236402
2014-02-10,2.12,2.12,2.08,2.08,145559
2014-02-11,2.09,2.1,2.06,2.1,258641
2014-02-12,2.11,2.12,2.07,2.1,321572
2014-02-13,2.09,2.12,2.07,2.11,146692
2014-02-14,2.1,2.12,2.09,2.1,78670
2014-02-17,2.09,2.12,2.08,2.08,53555
2014-02-18,2.09,2.09,2.06,2.06,111442
2014-02-19,2.06,2.06,1.96,2.0,433919
2014-02-20,1.98,2.08,1.97,2.08,260789
2014-02-21,2.07,2.07,2.02,2.02,116314
2014-02-24,2.02,2.03,1.99,2.02,76777
2014-02-25,2.01,2.03,2.0,2.03,89576
2014-02-26,2.05,2.07,2.02,2.07,236178
2014-02-27,2.06,2.09,2.02,2.09,184265
2014-02-28,2.09,2.1,2.06,2.1,170959
2014-03-03,2.07,2.07,1.99,1.99,260058
2014-03-04,2.0,2.1,2.0,2.07,368295
2014-03-05,2.06,2.1,2.03,2.07,120515
2014-03-06,2.07,2.07,2.03,2.06,131506
2014-03-07,2.06,2.06,2.0,2.0,183587
2014-03-10,2.0,2.02,1.98,1.99,153293
2014-03-11,2.0,2.03,1.97,2.0,238292
2014-03-12,2.13,2.27,2.13,2.25,1715844
2014-03-13,2.24,2.27,2.2,2.23,746970
2014-03-14,2.2,2.25,2.17,2.22,457080
2014-03-17,2.2,2.25,2.17,2.24,277403
2014-03-18,2.24,2.35,2.24,2.32,735532
2014-03-19,2.33,2.41,2.33,2.38,538530
2014-03-20,2.39,2.39,2.29,2.37,287451
2014-03-21,2.37,2.37,2.33,2.33,182212
2014-03-24,2.32,2.34,2.3,2.34,145024
2014-03-25,2.33,2.37,2.32,2.32,89911
2014-03-26,2.33,2.35,2.31,2.35,316924
2014-03-27,2.34,2.34,2.29,2.3,161964
2014-03-28,2.31,2.42,2.3,2.38,357165
2014-03-31,2.4,2.47,2.4,2.46,367258
2014-04-01,2.47,2.57,2.44,2.54,646024
2014-04-02,2.56,2.64,2.55,2.56,438985
2014-04-03,2.57,2.61,2.55,2.6,346087
2014-04-04,2.6,2.6,2.46,2.47,497533
2014-04-07,2.45,2.56,2.45,2.52,480082
2014-04-08,2.52,2.55,2.51,2.54,289047
2014-04-09,2.54,2.55,2.515,2.515,382053
2014-04-10,2.52,2.59,2.5,2.59,327669
2014-04-11,2.58,2.583,2.55,2.58,495131
2014-04-14,2.58,2.58,2.48,2.542,449550
2014-04-15,2.515,2.55,2.502,2.507,222608
2014-04-16,2.517,2.577,2.517,2.57,245685
2014-04-17,2.546,2.6,2.546,2.584,203909
2014-04-22,2.581,2.71,2.57,2.7,397777
2014-04-23,2.7,2.72,2.67,2.691,522748
2014-04-24,2.69,2.829,2.69,2.789,832761
2014-04-25,2.79,2.8,2.68,2.799,289402
2014-04-28,2.731,2.77,2.69,2.76,239078
2014-04-29,2.741,2.79,2.717,2.75,197010
2014-04-30,2.75,2.78,2.721,2.76,144373
2014-05-02,2.766,2.77,2.723,2.77,204337
2014-05-05,2.773,2.789,2.711,2.775,173111
2014-05-06,2.763,2.789,2.725,2.78,384653
2014-05-07,2.779,2.779,2.511,2.54,964642
2014-05-08,2.528,2.606,2.522,2.54,366137
2014-05-09,2.549,2.564,2.517,2.55,351339
2014-05-12,2.521,2.535,2.451,2.47,482995
2014-05-13,2.32,2.35,2.04,2.05,2750801
2014-05-14,2.08,2.18,2.05,2.132,1122236
2014-05-15,2.135,2.18,2.11,2.16,709232
2014-05-16,2.16,2.162,2.1,2.12,385423
2014-05-19,2.11,2.19,2.09,2.19,626053
2014-05-20,2.199,2.199,2.13,2.18,482079
2014-05-21,2.18,2.188,2.139,2.15,463649
2014-05-22,2.159,2.182,2.13,2.165,289474
2014-05-23,2.165,2.228,2.163,2.21,330928
2014-05-26,2.235,2.25,2.21,2.236,247615
2014-05-27,2.239,2.33,2.22,2.32,367422
2014-05-28,2.32,2.343,2.29,2.343,196591
2014-05-29,2.331,2.4,2.331,2.366,262629
2014-05-30,2.364,2.4,2.302,2.302,348219
2014-06-02,2.316,2.35,2.29,2.31,174045
2014-06-03,2.31,2.32,2.24,2.261,191995
2014-06-04,2.25,2.33,2.23,2.324,274030
2014-06-05,2.32,2.38,2.295,2.372,275630
2014-06-06,2.333,2.369,2.32,2.33,85366
2014-06-09,2.302,2.322,2.27,2.282,123430
2014-06-10,2.271,2.33,2.271,2.329,83227
2014-06-11,2.327,2.37,2.28,2.351,346449
2014-06-12,2.3,2.348,2.3,2.333,82301
2014-06-13,2.321,2.34,2.231,2.28,194442
2014-06-16,2.271,2.273,2.212,2.245,369840
2014-06-17,2.257,2.29,2.221,2.23,79380
2014-06-18,2.23,2.235,2.14,2.235,277404
2014-06-19,2.187,2.24,2.16,2.16,106779
2014-06-20,2.16,2.187,2.113,2.187,261583
2014-06-23,2.19,2.19,2.125,2.131,88351
2014-06-24,2.123,2.142,2.105,2.112,193969
2014-06-25,2.104,2.138,2.05,2.125,228174
2014-06-26,2.121,2.136,2.051,2.06,132505
2014-06-27,2.074,2.15,2.05,2.15,178123
2014-06-30,2.148,2.17,2.1,2.139,218920
2014-07-01,2.131,2.169,2.12,2.169,112702
2014-07-02,2.151,2.18,2.12,2.13,51399
2014-07-03,2.126,2.17,2.12,2.169,132403
2014-07-04,2.131,2.17,2.13,2.167,51967
2014-07-07,2.151,2.17,2.142,2.17,91280
2014-07-08,2.15,2.162,2.06,2.078,199657
2014-07-09,2.08,2.137,2.067,2.112,197508
2014-07-10,2.09,2.145,2.06,2.129,213619
2014-07-11,2.121,2.136,2.06,2.11,170350
2014-07-14,2.108,2.134,2.071,2.097,101190
2014-07-15,2.1,2.113,2.061,2.075,122428
2014-07-16,2.088,2.15,2.06,2.15,236104
2014-07-17,2.131,2.229,2.122,2.207,254351
2014-07-18,2.207,2.227,2.18,2.225,280135
2014-07-21,2.248,2.295,2.198,2.228,243613
2014-07-22,2.227,2.23,2.17,2.203,109515
2014-07-23,2.191,2.289,2.19,2.256,188487
2014-07-24,2.28,2.28,2.217,2.28,129465
2014-07-25,2.242,2.284,2.233,2.283,75385
2014-07-28,2.219,2.27,2.206,2.21,84205
2014-07-29,2.205,2.228,2.195,2.208,109053
2014-07-30,2.201,2.26,2.17,2.25,256972
2014-07-31,2.215,2.27,2.16,2.231,297860
2014-08-01,2.19,2.27,2.19,2.22,295525
2014-08-04,2.201,2.257,2.175,2.22,264555
2014-08-05,2.238,2.248,2.205,2.223,132440
2014-08-06,2.204,2.23,2.155,2.185,120684
2014-08-07,2.18,2.19,2.135,2.15,99406
2014-08-08,2.135,2.18,2.072,2.13,214959
2014-08-11,2.112,2.14,2.076,2.123,90350
2014-08-12,2.104,2.148,2.104,2.107,70208
2014-08-13,2.118,2.15,2.11,2.14,89035
2014-08-14,2.075,2.15,2.075,2.119,166388
2014-08-15,2.091,2.134,2.077,2.08,132296
2014-08-18,2.1,2.115,2.084,2.095,81215
2014-08-19,2.092,2.11,2.071,2.1,97196
2014-08-20,2.084,2.1,2.072,2.099,64250
2014-08-21,2.099,2.13,2.084,2.12,137445
2014-08-22,2.12,2.133,2.09,2.09,73703
2014-08-25,2.087,2.09,2.051,2.06,135074
2014-08-26,2.06,2.153,2.05,2.146,318199
2014-08-27,2.325,2.34,2.184,2.205,692746
2014-08-28,2.2,2.21,2.11,2.19,237405
2014-08-29,2.19,2.227,2.141,2.189,194192
2014-09-01,2.19,2.229,2.157,2.22,67654
2014-09-02,2.226,2.269,2.191,2.22,169279
2014-09-03,2.201,2.222,2.172,2.18,57287
2014-09-04,2.18,2.248,2.162,2.216,125946
2014-09-05,2.201,2.237,2.201,2.227,36634
2014-09-08,2.23,2.25,2.21,2.231,68619
2014-09-09,2.238,2.249,2.205,2.241,88757
2014-09-10,2.216,2.237,2.205,2.222,56234
2014-09-11,2.229,2.231,2.171,2.18,108998
2014-09-12,2.161,2.189,2.161,2.176,103341
2014-09-15,2.17,2.188,2.141,2.164,102135
2014-09-16,2.16,2.16,2.06,2.1,165271
2014-09-17,2.1,2.142,2.061,2.071,228801
2014-09-18,2.075,2.106,2.071,2.106,123007
2014-09-19,2.095,2.114,2.076,2.084,93579
2014-09-22,2.075,2.119,2.075,2.09,96366
2014-09-23,2.083,2.094,2.071,2.081,71959
2014-09-24,2.094,2.1,2.06,2.098,111466
2014-09-25,2.1,2.13,2.083,2.13,174246
2014-09-26,2.101,2.139,2.1,2.139,152408
2014-09-29,2.139,2.139,2.08,2.093,74475
2014-09-30,2.1,2.109,2.081,2.087,103048
2014-10-01,2.083,2.124,2.083,2.124,147746
2014-10-02,2.095,2.1,2.06,2.069,139250
2014-10-03,2.094,2.143,2.07,2.132,192449
2014-10-06,2.138,2.138,2.09,2.102,89757
2014-10-07,2.1,2.11,2.072,2.098,71694
2014-10-08,2.1,2.1,2.07,2.08,77648
2014-10-09,2.09,2.12,2.06,2.06,204940
2014-10-10,2.06,2.074,2.01,2.013,264175
2014-10-13,1.99,1.99,1.821,1.86,679277
2014-10-14,1.852,1.91,1.83,1.858,168081
2014-10-15,1.85,1.86,1.75,1.762,270381
2014-10-16,1.761,1.829,1.676,1.727,382801
2014-10-17,1.74,1.849,1.74,1.822,193361
2014-10-20,1.85,1.859,1.77,1.794,181354
2014-10-21,1.794,1.879,1.794,1.835,183653
2014-10-22,1.878,2.0,1.869,1.98,323577
2014-10-23,2.05,2.05,1.91,1.978,198650
2014-10-24,1.926,1.995,1.926,1.964,170047
2014-10-27,1.954,1.981,1.932,1.966,77174
2014-10-28,1.964,1.979,1.94,1.966,59821
2014-10-29,1.96,2.0,1.96,1.98,79852
2014-10-30,1.98,2.035,1.931,1.966,169413
2014-10-31,1.953,2.049,1.953,2.012,223738
2014-11-03,2.02,2.049,2.006,2.043,169452
2014-11-04,2.021,2.047,2.021,2.022,35137
2014-11-05,2.023,2.098,2.023,2.059,164949
2014-11-06,2.07,2.099,2.04,2.085,85236
2014-11-07,2.055,2.094,2.046,2.07,107894
2014-11-10,2.066,2.083,2.051,2.083,50238
2014-11-11,2.061,2.08,2.051,2.064,77853
2014-11-12,2.051,2.08,2.04,2.042,56444
2014-11-13,2.05,2.077,2.03,2.06,124367
2014-11-14,2.115,2.139,2.0,2.036,434413
2014-11-17,2.036,2.065,2.021,2.044,181635
2014-11-18,2.031,2.059,2.02,2.027,114620
2014-11-19,2.025,2.048,2.003,2.003,67060
2014-11-20,2.025,2.025,1.983,2.0,44882
2014-11-21,2.0,2.048,2.0,2.007,135900
2014-11-24,2.047,2.047,2.011,2.04,58151
2014-11-25,2.02,2.07,2.011,2.02,104651
2014-11-26,2.02,2.044,1.985,1.985,88221
2014-11-27,2.0,2.0,1.934,1.934,163599
2014-11-28,1.94,1.959,1.9,1.931,116153
2014-12-01,1.925,1.99,1.92,1.951,116510
2014-12-02,1.94,1.964,1.91,1.913,105764
2014-12-03,1.916,1.962,1.91,1.93,186358
2014-12-04,1.974,2.04,1.974,1.98,379759
2014-12-05,2.018,2.13,2.011,2.101,454956
2014-12-08,2.119,2.13,2.11,2.11,373555
2014-12-09,2.1,2.11,2.0,2.03,184021
2014-12-10,2.025,2.057,2.014,2.028,70733
2014-12-11,2.016,2.045,2.01,2.018,62826
2014-12-12,2.01,2.017,1.971,1.98,164947
2014-12-15,1.97,2.04,1.95,1.95,198677
2014-12-16,1.95,1.998,1.94,1.98,147270
2014-12-17,1.974,1.994,1.901,1.965,230916
2014-12-18,1.99,2.039,1.981,2.02,168939
2014-12-19,2.0,2.05,2.0,2.05,195732
2014-12-22,2.06,2.092,2.054,2.089,205354
2014-12-23,2.09,2.09,2.061,2.089,134278
2014-12-24,2.069,2.09,2.05,2.06,71198
2014-12-29,2.075,2.09,2.062,2.09,193951
2014-12-30,2.08,2.088,2.07,2.07,35657
2014-12-31,2.09,2.09,2.071,2.09,55378
2015-01-02,2.1,2.1,2.09,2.094,158592
2015-01-05,2.1,2.12,2.05,2.059,140019
2015-01-06,2.08,2.098,2.057,2.062,59290
2015-01-07,2.061,2.145,2.061,2.118,157217
2015-01-08,2.12,2.129,2.103,2.128,174276
2015-01-09,2.129,2.149,2.12,2.149,252913
2015-01-12,2.149,2.179,2.14,2.166,244770
2015-01-13,2.168,2.179,2.15,2.169,228620
2015-01-14,2.179,2.179,2.13,2.17,234509
2015-01-15,2.16,2.169,2.13,2.145,72639
2015-01-16,2.162,2.169,2.15,2.16,55820
2015-01-19,2.16,2.179,2.129,2.13,332808
2015-01-20,2.13,2.132,2.03,2.073,473136
2015-01-21,2.073,2.089,2.032,2.054,168479
2015-01-22,2.07,2.07,2.031,2.04,142736
2015-01-23,2.049,2.09,2.042,2.071,130403
2015-01-26,2.08,2.127,2.03,2.127,202599
2015-01-27,2.129,2.129,2.052,2.061,129292
2015-01-28,2.068,2.089,2.062,2.07,66528
2015-01-29,2.051,2.08,2.051,2.063,112284
2015-01-30,2.052,2.088,2.052,2.069,146865
2015-02-02,2.08,2.087,2.055,2.08,115784
2015-02-03,2.08,2.11,2.08,2.11,121650
2015-02-04,2.105,2.11,2.057,2.08,136818
2015-02-05,2.062,2.098,2.057,2.098,127693
2015-02-06,2.071,2.098,2.071,2.096,85393
2015-02-09,2.089,2.098,2.073,2.097,97242
2015-02-10,2.073,2.1,2.073,2.1,151493
2015-02-11,2.1,2.1,2.059,2.059,138488
2015-02-12,2.066,2.119,2.061,2.09,168150
2015-02-13,2.12,2.15,2.101,2.145,205412
2015-02-16,2.145,2.145,2.114,2.14,168530
2015-02-17,2.149,2.149,2.129,2.133,112531
2015-02-18,2.13,2.15,2.13,2.149,187629
2015-02-19,2.132,2.149,2.132,2.147,79235
2015-02-20,2.149,2.149,2.13,2.149,168004
2015-02-23,2.151,2.18,2.145,2.154,340500
2015-02-24,2.152,2.166,2.11,2.116,281672
2015-02-25,2.116,2.184,2.116,2.181,212528
2015-02-26,2.161,2.19,2.16,2.185,291870
2015-02-27,2.189,2.19,2.163,2.187,309121
2015-03-02,2.185,2.199,2.18,2.199,226663
2015-03-03,2.189,2.23,2.189,2.229,363202
2015-03-04,2.229,2.244,2.212,2.23,419151
2015-03-05,2.23,2.239,2.211,2.231,172506
2015-03-06,2.217,2.235,2.214,2.235,172138
2015-03-09,2.244,2.244,2.21,2.24,158492
2015-03-10,2.239,2.239,2.2,2.238,283470
2015-03-11,2.235,2.235,2.077,2.118,936428
2015-03-12,2.123,2.136,2.08,2.101,397629
2015-03-13,2.11,2.128,2.08,2.09,337039
2015-03-16,2.09,2.09,2.051,2.058,342461
2015-03-17,2.051,2.061,1.98,1.994,525465
2015-03-18,2.0,2.085,1.996,2.082,326776
2015-03-19,2.07,2.079,2.051,2.077,200017
2015-03-20,2.06,2.078,2.06,2.06,204010
2015-03-23,2.06,2.109,2.06,2.109,296120
2015-03-24,2.1,2.144,2.1,2.127,220833
2015-03-25,2.127,2.134,2.11,2.131,159044
2015-03-26,2.101,2.104,2.05,2.08,210327
2015-03-27,2.08,2.135,2.06,2.135,196841
2015-03-30,2.123,2.149,2.117,2.148,222956
2015-03-31,2.147,2.15,2.12,2.145,168274
2015-04-01,2.139,2.143,2.11,2.143,126602
2015-04-02,2.12,2.159,2.12,2.15,214626
2015-04-07,2.14,2.2,2.14,2.18,353703
2015-04-08,2.189,2.24,2.16,2.22,497597
2015-04-09,2.238,2.238,2.191,2.23,459136
2015-04-10,2.22,2.228,2.191,2.217,225300
2015-04-13,2.2,2.21,2.14,2.166,284872
2015-04-14,2.19,2.216,2.17,2.205,393399
2015-04-15,2.2,2.274,2.2,2.268,515205
2015-04-16,2.27,2.39,2.252,2.37,1173114
2015-04-17,2.35,2.368,2.27,2.279,344875
2015-04-20,2.299,2.38,2.286,2.38,276801
2015-04-21,2.379,2.38,2.27,2.362,310817
2015-04-22,2.34,2.34,2.27,2.29,163963
2015-04-23,2.29,2.324,2.262,2.267,268009
2015-04-24,2.26,2.288,2.22,2.27,241547
2015-04-27,2.298,2.344,2.273,2.318,199024
2015-04-28,2.3,2.347,2.24,2.25,274946
2015-04-29,2.3,2.3,2.202,2.221,177195
2015-04-30,2.22,2.255,2.203,2.238,251525
2015-05-04,2.22,2.249,2.2,2.2,82967
2015-05-05,2.2,2.264,2.16,2.16,247204
2015-05-06,2.2,2.2,2.151,2.173,252583
2015-05-07,2.19,2.223,2.155,2.2,285880
2015-05-08,2.22,2.259,2.218,2.243,134534
2015-05-11,2.25,2.25,2.212,2.236,154586
2015-05-12,2.28,2.38,2.274,2.32,634982
2015-05-13,2.346,2.347,2.28,2.313,250027
2015-05-14,2.337,2.38,2.311,2.374,207293
2015-05-15,2.379,2.38,2.34,2.36,168533
2015-05-18,2.369,2.48,2.338,2.44,736665
2015-05-19,2.45,2.479,2.4,2.43,258998
2015-05-20,2.44,2.44,2.403,2.43,89460
2015-05-21,2.427,2.467,2.4,2.467,241703
2015-05-22,2.469,2.48,2.458,2.48,140175
2015-05-25,2.48,2.529,2.469,2.525,367702
2015-05-26,2.502,2.507,2.44,2.44,245649
2015-05-27,2.45,2.497,2.45,2.484,242209
2015-05-28,2.5,2.519,2.47,2.488,296528
2015-05-29,2.495,2.495,2.439,2.469,216283
2015-06-01,2.5,2.52,2.435,2.45,330378
2015-06-02,2.451,2.508,2.425,2.501,170432
2015-06-03,2.5,2.6,2.47,2.58,785318
2015-06-04,2.552,2.593,2.528,2.528,182961
2015-06-05,2.511,2.539,2.5,2.527,130126
2015-06-08,2.53,2.614,2.509,2.61,480182
2015-06-09,2.59,2.6,2.552,2.58,179598
2015-06-10,2.57,2.617,2.56,2.617,217830
2015-06-11,2.62,2.62,2.56,2.577,184570
2015-06-12,2.551,2.582,2.538,2.559,147280
2015-06-15,2.54,2.54,2.474,2.49,179574
2015-06-16,2.467,2.467,2.382,2.453,359686
2015-06-17,2.45,2.499,2.401,2.444,259394
2015-06-18,2.457,2.48,2.42,2.474,177126
2015-06-19,2.47,2.512,2.416,2.453,207372
2015-06-22,2.441,2.58,2.441,2.545,289047
2015-06-23,2.571,2.63,2.565,2.62,228094
2015-06-24,2.628,2.67,2.601,2.669,419745
2015-06-25,2.66,2.735,2.57,2.7,391322
2015-06-26,2.67,2.73,2.581,2.608,502543
2015-06-29,2.423,2.557,2.34,2.535,364757
2015-06-30,2.52,2.58,2.433,2.5,203351
2015-07-01,2.52,2.596,2.516,2.56,195941
2015-07-02,2.56,2.59,2.5,2.529,119034
2015-07-03,2.501,2.573,2.501,2.537,71235
2015-07-06,2.465,2.545,2.46,2.483,142639
2015-07-07,2.49,2.499,2.4,2.4,225772
2015-07-08,2.4,2.584,2.34,2.56,464898
2015-07-09,2.52,2.622,2.52,2.593,253136
2015-07-10,2.628,2.679,2.607,2.66,291959
2015-07-13,2.66,2.705,2.63,2.694,362787
2015-07-14,2.666,2.709,2.655,2.7,198033
2015-07-15,2.69,2.73,2.655,2.717,206061
2015-07-16,2.72,2.734,2.701,2.725,120098
2015-07-17,2.71,2.739,2.71,2.73,255454
2015-07-20,2.74,2.75,2.715,2.727,219543
2015-07-21,2.73,2.759,2.716,2.756,109649
2015-07-22,2.741,2.8,2.741,2.799,196732
2015-07-23,2.8,2.84,2.78,2.821,218197
2015-07-24,2.791,2.85,2.65,2.798,441588
2015-07-27,2.79,2.79,2.742,2.759,126379
2015-07-28,2.724,2.81,2.724,2.785,141504
2015-07-29,2.78,2.824,2.765,2.8,282182
2015-07-30,2.78,2.8,2.751,2.77,76073
2015-07-31,2.771,2.78,2.715,2.737,98133
2015-08-03,2.75,2.78,2.73,2.754,93333
2015-08-04,2.746,2.761,2.718,2.761,104330
2015-08-05,2.75,2.795,2.748,2.795,143711
2015-08-06,2.8,2.8,2.782,2.8,79993
2015-08-07,2.791,2.794,2.691,2.708,244644
2015-08-10,2.7,2.711,2.63,2.651,161180
2015-08-11,2.65,2.78,2.65,2.75,293176
2015-08-12,2.71,2.749,2.65,2.658,152063
2015-08-13,2.622,2.681,2.61,2.645,114232
2015-08-14,2.62,2.679,2.62,2.627,109847
2015-08-17,2.64,2.68,2.621,2.622,131452
2015-08-18,2.63,2.654,2.619,2.652,104757
2015-08-19,2.635,2.68,2.61,2.622,176917
2015-08-20,2.615,2.621,2.44,2.463,310814
2015-08-21,2.426,2.45,2.3,2.336,325993
2015-08-24,2.262,2.32,2.16,2.236,647916
2015-08-25,2.26,2.619,2.26,2.59,444573
2015-08-26,2.772,2.8,2.625,2.64,844062
2015-08-27,2.65,2.65,2.6,2.638,372275
2015-08-28,2.66,2.67,2.622,2.66,178977
2015-08-31,2.67,2.718,2.621,2.716,172965
2015-09-01,2.72,2.72,2.62,2.71,257926
2015-09-02,2.707,2.76,2.668,2.758,257369
2015-09-03,2.711,2.8,2.711,2.795,285097
2015-09-04,2.794,2.799,2.742,2.798,187737
2015-09-07,2.798,2.888,2.782,2.888,763512
2015-09-08,2.85,2.915,2.849,2.908,480115
2015-09-09,2.92,2.999,2.914,2.988,621292
2015-09-10,2.94,3.0,2.86,3.0,731254
2015-09-11,2.997,3.039,2.928,3.02,490888
2015-09-14,3.018,3.15,2.999,3.149,782371
2015-09-15,3.15,3.15,3.006,3.065,360180
2015-09-16,3.011,3.11,3.011,3.097,377386
2015-09-17,3.062,3.119,3.062,3.118,258287
2015-09-18,3.11,3.129,3.071,3.129,315075
2015-09-21,3.072,3.159,3.072,3.15,548452
2015-09-22,3.15,3.15,3.052,3.137,426529
2015-09-23,3.091,3.17,3.081,3.138,446434
2015-09-24,3.1,3.168,3.091,3.103,699474
2015-09-25,3.1,3.19,3.091,3.17,1106510
2015-09-28,3.15,3.16,3.102,3.123,279202
2015-09-29,3.1,3.2,3.092,3.191,758034
2015-09-30,3.17,3.226,3.17,3.226,889947
2015-10-01,3.23,3.286,3.216,3.286,847974
2015-10-02,3.299,3.337,3.261,3.295,855174
2015-10-05,3.3,3.33,3.252,3.27,562349
2015-10-06,3.28,3.339,3.258,3.339,922531
2015-10-07,3.34,3.348,3.284,3.295,866276
2015-10-08,3.28,3.294,3.195,3.256,698523
2015-10-09,3.258,3.279,3.24,3.266,818320
2015-10-12,3.255,3.299,3.255,3.297,864560
2015-10-13,3.27,3.3,3.27,3.297,651651
2015-10-14,3.275,3.309,3.271,3.297,582572
2015-10-15,3.298,3.34,3.296,3.339,1268968
2015-10-16,3.339,3.382,3.333,3.364,1231829
2015-10-19,3.35,3.392,3.35,3.377,803407
2015-10-20,3.378,3.39,3.297,3.385,694488
2015-10-21,3.39,3.675,3.38,3.644,1211461
2015-10-22,3.65,3.65,3.5,3.575,810158
2015-10-23,3.58,3.76,3.561,3.76,995271
2015-10-26,3.75,3.753,3.554,3.613,729833
2015-10-27,3.59,3.65,3.573,3.635,531272
2015-10-28,3.612,3.664,3.531,3.663,531218
2015-10-29,3.614,3.69,3.54,3.613,618246
2015-10-30,3.619,3.898,3.614,3.874,1215761
2015-11-02,3.827,3.95,3.81,3.893,785761
2015-11-03,3.89,4.15,3.89,4.093,1282419
2015-11-04,4.13,4.159,4.002,4.081,671809
2015-11-05,4.09,4.121,4.017,4.06,394407
2015-11-06,4.04,4.175,4.03,4.175,665965
2015-11-09,4.17,4.172,4.052,4.079,411356
2015-11-10,4.07,4.146,4.024,4.141,552407
2015-11-11,4.16,4.192,4.1,4.149,427245
2015-11-12,4.14,4.159,4.003,4.07,467726
2015-11-13,4.199,4.539,4.181,4.47,1620841
2015-11-16,4.312,4.489,4.31,4.486,556238
2015-11-17,4.473,4.559,4.43,4.529,642428
2015-11-18,4.476,4.54,4.399,4.464,540430
2015-11-19,4.404,4.52,4.37,4.478,517130
2015-11-20,4.449,4.52,4.43,4.454,425489
2015-11-23,4.416,4.466,4.37,4.4,524942
2015-11-24,4.39,4.423,4.244,4.325,649726
2015-11-25,4.325,4.46,4.07,4.424,1249280
2015-11-26,4.384,4.5,4.355,4.489,422071
2015-11-27,4.45,4.58,4.423,4.58,776340
2015-11-30,4.56,4.741,4.55,4.7,978712
2015-12-01,4.748,4.944,4.705,4.905,1040277
2015-12-02,4.905,4.988,4.86,4.938,1009648
2015-12-03,4.922,5.079,4.858,4.901,712155
2015-12-04,4.917,5.01,4.873,4.996,495445
2015-12-07,4.98,5.13,4.98,5.051,569965
2015-12-08,5.075,5.2,5.04,5.08,513735
2015-12-09,5.08,5.367,5.08,5.297,1132022
2015-12-10,5.292,5.44,5.217,5.395,925763
2015-12-11,5.4,5.4,5.012,5.02,674456
2015-12-14,5.01,5.28,5.01,5.124,595188
2015-12-15,5.16,5.319,5.101,5.243,538753
2015-12-16,5.248,5.325,5.056,5.143,609751
2015-12-17,5.193,5.28,5.146,5.193,590820
2015-12-18,5.199,5.39,5.197,5.347,824790
2015-12-21,5.291,5.34,5.106,5.177,576273
2015-12-22,5.15,5.25,5.052,5.189,444566
2015-12-23,5.2,5.28,5.1,5.267,397904
2015-12-24,5.25,5.271,5.152,5.26,81304
2015-12-28,5.23,5.233,5.062,5.146,336157
2015-12-29,5.114,5.33,5.114,5.293,751141
2015-12-30,5.261,5.332,5.232,5.315,308987
2016-01-04,5.174,5.174,5.02,5.117,539701
2016-01-05,5.115,5.202,5.01,5.1,448530
2016-01-06,5.08,5.09,4.722,5.013,691151
2016-01-07,4.939,5.09,4.75,5.029,512812
2016-01-08,5.0,5.064,4.895,4.927,411226
2016-01-11,4.803,5.0,4.796,4.87,493960
2016-01-12,4.861,5.049,4.861,4.975,502547
2016-01-13,5.04,5.04,4.697,4.725,492888
2016-01-14,4.633,4.674,4.05,4.05,1275688
2016-01-15,4.075,4.075,3.669,3.871,1326467
2016-01-18,3.798,3.85,3.267,3.71,1530865
2016-01-19,3.755,4.099,3.755,3.983,1309809
2016-01-20,3.878,3.967,3.837,3.9,623048
2016-01-21,3.8,3.939,3.69,3.81,513025
2016-01-22,3.906,3.95,3.85,3.862,421200
2016-01-25,3.87,3.919,3.824,3.881,251435
2016-01-26,3.883,3.935,3.81,3.87,436137
2016-01-27,3.851,3.899,3.802,3.829,182804
2016-01-28,3.802,3.831,3.589,3.61,521540
2016-01-29,3.66,3.942,3.621,3.94,527189
2016-02-01,3.94,3.95,3.667,3.74,470227
2016-02-02,3.76,3.854,3.673,3.683,354236
2016-02-03,3.67,3.696,3.572,3.614,367817
2016-02-04,3.632,3.663,3.5,3.56,474378
2016-02-05,3.542,3.63,3.367,3.382,405493
2016-02-08,3.366,3.399,3.03,3.031,850361
2016-02-09,3.0,3.08,2.823,3.0,1325660
2016-02-10,3.0,3.232,2.955,3.19,559585
2016-02-11,3.15,3.15,3.032,3.04,483415
2016-02-12,3.098,3.109,3.044,3.073,390474
2016-02-15,3.12,3.223,3.11,3.143,441391
2016-02-16,3.203,3.21,3.107,3.17,363853
2016-02-17,3.225,3.263,3.18,3.206,376079
2016-02-18,3.259,3.39,3.225,3.377,526081
2016-02-19,3.419,3.419,3.166,3.216,333252
2016-02-22,3.171,3.276,3.161,3.211,333641
2016-02-23,3.161,3.352,3.123,3.289,292422
2016-02-24,3.252,3.35,3.211,3.307,310206
2016-02-25,3.35,3.477,3.307,3.413,422908
2016-02-26,3.425,3.476,3.338,3.38,264375
2016-02-29,3.4,3.443,3.303,3.391,394878
2016-03-01,3.371,3.63,3.366,3.63,357627
2016-03-02,3.7,3.7,3.42,3.499,693002
2016-03-03,3.54,3.59,3.459,3.581,279817
2016-03-04,3.59,3.662,3.54,3.655,340847
2016-03-07,3.65,3.683,3.597,3.683,279753
2016-03-08,3.65,3.681,3.569,3.654,326839
2016-03-09,3.631,3.82,3.631,3.814,417869
2016-03-10,3.811,4.269,3.811,3.993,1398141
2016-03-11,4.04,4.04,3.7,3.724,689217
2016-03-14,3.761,3.88,3.74,3.871,357089
2016-03-15,3.84,3.88,3.783,3.854,264375
2016-03-16,3.85,3.871,3.761,3.79,352917
2016-03-17,3.79,3.867,3.742,3.778,297079
2016-03-18,3.756,3.886,3.72,3.886,422748
2016-03-21,3.889,3.889,3.754,3.787,221978
2016-03-22,3.792,3.795,3.723,3.75,294751
2016-03-23,3.773,3.883,3.765,3.883,220295
2016-03-24,3.87,3.87,3.698,3.76,391543
2016-03-29,3.794,3.87,3.75,3.8,290390
2016-03-30,3.838,3.98,3.812,3.957,393688
2016-03-31,3.98,3.98,3.886,3.922,177308
2016-04-01,3.918,3.949,3.876,3.928,219583
2016-04-04,3.93,3.999,3.889,3.92,220479
2016-04-05,3.861,3.9,3.761,3.82,160491
2016-04-06,3.822,3.959,3.783,3.876,460135
2016-04-07,3.921,3.95,3.878,3.92,142961
2016-04-08,3.901,3.962,3.834,3.952,241914
2016-04-11,3.974,3.99,3.936,3.945,267331
2016-04-12,3.98,3.98,3.786,3.849,174496
2016-04-13,3.83,3.9,3.781,3.9,245168
2016-04-14,3.9,3.905,3.802,3.802,181172
2016-04-15,3.803,3.836,3.728,3.778,196147
2016-04-18,3.75,3.8,3.71,3.724,224544
2016-04-19,3.734,3.752,3.63,3.66,260106
2016-04-20,3.65,3.658,3.611,3.639,214359
2016-04-21,3.63,3.646,3.527,3.556,208814
2016-04-22,3.56,3.561,3.375,3.429,635158
2016-04-25,3.409,3.535,3.353,3.468,481418
2016-04-26,3.47,3.56,3.424,3.449,189682
2016-04-27,3.45,3.52,3.42,3.48,125507
2016-04-28,3.46,3.472,3.389,3.469,253382
2016-04-29,3.457,3.56,3.437,3.469,167223
2016-05-02,3.48,3.498,3.38,3.4,135862
2016-05-03,3.37,3.39,3.228,3.249,252530
2016-05-04,3.249,3.278,3.215,3.264,157006
2016-05-05,3.221,3.276,3.207,3.27,104160
2016-05-06,3.211,3.291,3.211,3.224,107710
2016-05-09,3.29,3.358,3.27,3.326,146221
2016-05-10,3.33,3.415,3.21,3.211,294479
2016-05-11,3.236,3.244,3.042,3.182,402124
2016-05-12,3.239,3.239,3.09,3.09,353967
2016-05-13,3.14,3.152,3.071,3.121,259748
2016-05-16,3.12,3.245,3.12,3.237,174495
2016-05-17,3.25,3.283,3.201,3.241,226707
2016-05-18,3.259,3.319,3.21,3.3,213028
2016-05-19,3.3,3.301,3.237,3.26,225492
2016-05-20,3.3,3.318,3.215,3.241,163845
2016-05-23,3.25,3.336,3.215,3.322,172279
2016-05-24,3.28,3.344,3.252,3.331,143681
2016-05-25,3.319,3.364,3.3,3.3,168446
2016-05-26,3.31,3.338,3.25,3.25,111425
2016-05-27,3.245,3.276,3.15,3.212,258533
2016-05-30,3.2,3.303,3.172,3.28,133771
2016-05-31,3.3,3.32,3.2,3.284,243890
2016-06-01,3.28,3.289,3.23,3.289,172937
2016-06-02,3.247,3.382,3.247,3.367,166010
2016-06-03,3.332,3.575,3.332,3.504,409264
2016-06-06,3.52,3.589,3.401,3.42,288318
2016-06-07,3.44,3.486,3.32,3.328,232524
2016-06-08,3.3,3.308,3.168,3.172,286976
2016-06-09,3.172,3.248,3.143,3.212,167214
2016-06-10,3.211,3.211,3.069,3.077,425972
2016-06-13,3.05,3.058,2.918,2.918,420974
2016-06-14,2.93,2.949,2.89,2.925,306637
2016-06-15,2.98,2.98,2.828,2.851,335836
2016-06-16,2.85,2.85,2.738,2.74,473233
2016-06-17,2.853,3.088,2.801,3.039,417455
2016-06-20,3.071,3.107,3.02,3.076,327060
2016-06-21,3.041,3.147,3.005,3.021,143442
2016-06-22,3.03,3.037,2.963,2.991,243185
2016-06-23,3.048,3.092,2.98,3.018,241326
2016-06-24,2.722,2.94,2.59,2.84,686950
2016-06-27,2.95,2.95,2.741,2.741,442365
2016-06-28,2.822,2.901,2.712,2.712,478071
2016-06-29,2.838,2.849,2.714,2.817,411993
2016-06-30,2.874,2.936,2.81,2.922,242195
2016-07-01,2.95,2.997,2.85,2.873,170736
2016-07-04,2.881,2.901,2.8,2.811,172973
2016-07-05,2.838,2.898,2.775,2.824,320134
2016-07-06,2.845,2.845,2.763,2.782,195686
2016-07-07,2.771,2.822,2.771,2.8,121378
2016-07-08,2.86,2.966,2.8,2.959,222612
2016-07-11,2.981,2.984,2.833,2.861,273968
2016-07-12,2.903,2.903,2.813,2.827,306411
2016-07-13,2.896,3.144,2.824,3.098,458867
2016-07-14,3.1,3.13,3.037,3.066,203772
2016-07-15,3.1,3.125,3.04,3.104,234373
2016-07-18,3.13,3.14,3.073,3.129,151847
2016-07-19,3.13,3.224,3.12,3.216,331584
2016-07-20,3.235,3.265,3.121,3.24,232091
2016-07-21,3.25,3.25,3.0,3.1,519433
2016-07-22,3.101,3.177,3.042,3.172,182136
2016-07-25,3.203,3.249,3.152,3.248,170953
2016-07-26,3.248,3.251,3.168,3.235,179955
2016-07-27,3.235,3.269,3.163,3.191,239193
2016-07-28,3.163,3.206,3.103,3.195,291600
2016-07-29,3.185,3.25,3.169,3.232,130032
2016-08-01,3.174,3.251,3.174,3.221,153392
2016-08-02,3.267,3.267,3.067,3.129,227836
2016-08-03,3.099,3.133,3.04,3.12,198095
2016-08-04,3.084,3.164,3.048,3.1,200912
2016-08-05,3.15,3.191,3.11,3.186,180654
2016-08-08,3.2,3.2,3.139,3.187,165355
2016-08-09,3.188,3.2,3.144,3.187,154593
2016-08-10,3.2,3.212,3.14,3.151,135308
2016-08-11,3.151,3.186,3.12,3.131,108842
2016-08-12,3.171,3.171,3.062,3.062,141467
2016-08-15,3.17,3.419,3.147,3.354,511522
2016-08-16,3.461,3.598,3.36,3.511,763111
2016-08-17,3.51,3.51,3.312,3.343,450671
2016-08-18,3.397,3.415,3.274,3.347,387214
2016-08-19,3.388,3.388,3.26,3.271,142630
2016-08-22,3.32,3.45,3.261,3.282,427877
2016-08-23,3.337,3.348,3.245,3.308,177944
2016-08-24,3.327,3.37,3.301,3.357,143761
2016-08-25,3.51,3.555,3.15,3.179,944695
2016-08-26,3.231,3.231,3.067,3.109,359457
2016-08-29,3.07,3.1,3.027,3.043,225290
2016-08-30,3.043,3.06,2.898,2.929,906926
2016-08-31,2.902,2.97,2.81,2.839,671327
2016-09-01,2.85,2.894,2.754,2.762,534803
2016-09-02,2.78,2.788,2.71,2.745,503865
2016-09-05,2.83,2.852,2.761,2.832,381765
2016-09-06,2.87,2.911,2.825,2.832,422670
2016-09-07,2.899,2.899,2.79,2.802,387517
2016-09-08,2.839,2.843,2.8,2.81,289368
2016-09-09,2.83,2.83,2.77,2.781,590513
2016-09-12,2.78,2.799,2.664,2.705,937104
2016-09-13,2.782,2.784,2.72,2.734,446487
2016-09-14,2.723,2.723,2.6,2.609,792155
2016-09-15,2.61,2.67,2.61,2.652,561182
2016-09-16,2.655,2.672,2.619,2.635,742480
2016-09-19,2.65,2.665,2.561,2.64,737879
2016-09-20,2.64,2.721,2.615,2.671,587530
2016-09-21,2.717,2.769,2.69,2.7,566718
2016-09-22,2.758,2.856,2.694,2.83,555477
2016-09-23,2.85,2.85,2.74,2.745,398889
2016-09-26,2.747,2.747,2.652,2.706,449695
2016-09-27,2.717,2.768,2.694,2.76,434698
2016-09-28,2.741,2.843,2.741,2.815,325209
2016-09-29,2.867,2.867,2.715,2.735,312741
2016-09-30,2.754,2.819,2.65,2.805,598941
2016-10-03,2.99,3.014,2.867,2.885,503720
2016-10-04,2.946,2.958,2.882,2.92,369203
2016-10-05,2.94,3.164,2.933,3.119,506243
2016-10-06,3.147,3.147,3.034,3.054,377561
2016-10-07,3.054,3.12,3.042,3.078,387315
2016-10-10,3.11,3.171,3.095,3.154,775366
2016-10-11,3.15,3.234,3.1,3.193,643523
2016-10-12,3.227,3.299,3.183,3.209,418490
2016-10-13,3.2,3.228,3.147,3.217,424992
2016-10-14,3.21,3.3,3.207,3.277,480807
2016-10-17,3.246,3.362,3.246,3.321,614792
2016-10-18,3.34,3.39,3.299,3.382,505532
2016-10-19,3.38,3.434,3.325,3.372,654848
2016-10-20,3.392,3.424,3.35,3.41,387819
2016-10-21,3.43,3.44,3.379,3.415,383997
2016-10-24,3.43,3.6,3.43,3.573,768577
2016-10-25,3.584,3.71,3.57,3.58,561287
2016-10-26,3.69,3.694,3.538,3.676,793588
2016-10-27,3.685,3.685,3.5,3.579,585493
2016-10-28,3.997,4.0,3.665,3.729,2988901
2016-10-31,3.7,3.818,3.66,3.79,640259
2016-11-01,3.82,3.889,3.746,3.827,739663
2016-11-02,3.81,3.854,3.744,3.82,512339
2016-11-03,3.818,3.911,3.813,3.858,468885
2016-11-04,3.862,3.942,3.84,3.911,481570
2016-11-07,3.94,4.0,3.916,3.974,488186
2016-11-08,3.95,4.057,3.917,4.037,570366
2016-11-09,3.85,4.117,3.65,4.083,782449
2016-11-10,4.17,4.273,4.12,4.195,1026579
2016-11-11,4.235,4.254,4.161,4.193,438831
2016-11-14,4.165,4.275,4.165,4.228,600033
2016-11-15,4.24,4.345,4.2,4.27,962847
2016-11-16,4.3,4.345,4.26,4.309,604872
2016-11-17,4.33,4.398,4.31,4.347,606135
2016-11-18,4.36,4.42,4.35,4.39,670481
2016-11-21,4.4,4.4,4.295,4.333,384479
2016-11-22,4.337,4.414,4.274,4.319,416822
2016-11-23,4.34,4.38,4.17,4.346,465843
2016-11-24,4.33,4.349,4.19,4.201,471950
2016-11-25,4.167,4.19,3.76,4.014,970639
2016-11-28,3.95,4.0,3.889,3.92,629999
2016-11-29,3.854,3.959,3.851,3.934,1009738
2016-11-30,3.958,4.32,3.954,4.32,1394517
2016-12-01,4.239,4.335,4.21,4.219,320769
2016-12-02,3.35,3.538,3.183,3.327,3387939
2016-12-05,3.34,3.54,3.305,3.51,772964
2016-12-06,3.543,3.601,3.488,3.527,550674
2016-12-07,3.575,3.575,3.403,3.427,403210
2016-12-08,3.462,3.494,3.37,3.493,425449
2016-12-09,3.514,3.514,3.351,3.4,777273
2016-12-12,3.4,3.44,3.371,3.42,380352
2016-12-13,3.45,3.534,3.45,3.45,675761
2016-12-14,3.45,3.453,3.334,3.341,267197
2016-12-15,3.361,3.425,3.335,3.419,260330
2016-12-16,3.387,3.465,3.353,3.452,425253
2016-12-19,3.48,3.48,3.394,3.461,401562
2016-12-20,3.49,3.683,3.482,3.656,422159
2016-12-21,3.66,3.75,3.593,3.747,425832
2016-12-22,3.74,3.76,3.627,3.63,285050
2016-12-23,3.64,3.691,3.6,3.67,299415
2016-12-27,3.728,3.787,3.702,3.755,133886
2016-12-28,3.774,3.819,3.74,3.811,234421
2016-12-29,3.812,3.812,3.62,3.648,340448
2016-12-30,3.65,3.718,3.614,3.673,253146
2017-01-02,3.698,3.698,3.601,3.66,278102
2017-01-03,3.696,3.699,3.57,3.63,477580
2017-01-04,3.645,3.701,3.642,3.701,272498
2017-01-05,3.689,3.73,3.645,3.712,312798
2017-01-06,3.691,3.785,3.68,3.777,470070
2017-01-09,3.78,3.8,3.651,3.702,371774
2017-01-10,3.71,3.72,3.652,3.703,178043
2017-01-11,3.683,3.7,3.669,3.68,83341
2017-01-12,3.687,3.71,3.63,3.651,271652
2017-01-13,3.65,3.702,3.649,3.68,218592
2017-01-16,3.684,3.746,3.673,3.706,155532
2017-01-17,3.7,3.712,3.665,3.684,161921
2017-01-18,3.735,3.735,3.63,3.68,180467
2017-01-19,3.685,3.698,3.573,3.629,243737
2017-01-20,3.596,3.652,3.561,3.607,264628
2017-01-23,3.61,3.77,3.585,3.741,349491
2017-01-24,3.73,3.766,3.68,3.748,322546
2017-01-25,3.75,3.793,3.693,3.776,270734
2017-01-26,3.794,3.794,3.706,3.72,158612
2017-01-27,3.713,3.755,3.66,3.72,172853
2017-01-30,3.72,3.733,3.647,3.674,147934
2017-01-31,3.653,3.676,3.643,3.653,153343
2017-02-01,3.661,3.81,3.661,3.771,275531
2017-02-02,3.77,3.83,3.752,3.77,286656
2017-02-03,3.761,3.8,3.746,3.753,149993
2017-02-06,3.76,3.788,3.722,3.731,162399
2017-02-07,3.732,3.79,3.649,3.69,209175
2017-02-08,3.69,3.725,3.637,3.687,129227
2017-02-09,3.651,3.707,3.621,3.645,191833
2017-02-10,3.641,3.687,3.623,3.657,174031
2017-02-13,3.655,3.71,3.65,3.685,252620
2017-02-14,3.68,3.723,3.665,3.681,208212
2017-02-15,3.69,3.95,3.656,3.95,667308
2017-02-16,3.906,3.94,3.836,3.889,266874
2017-02-17,3.884,3.93,3.808,3.897,217912
2017-02-20,3.89,3.938,3.863,3.902,165733
2017-02-21,3.91,3.94,3.86,3.933,160417
2017-02-22,3.94,4.0,3.914,3.957,271783
2017-02-23,3.95,3.981,3.85,3.858,185957
2017-02-24,3.878,3.878,3.73,3.791,281734
2017-02-27,3.8,3.862,3.775,3.833,117300
2017-02-28,3.83,3.922,3.665,3.855,415480
2017-03-01,3.816,3.96,3.816,3.948,228370
2017-03-02,3.94,3.98,3.897,3.936,129969
2017-03-03,3.848,3.948,3.838,3.914,140899
2017-03-06,3.938,3.977,3.9,3.935,171839
2017-03-07,3.95,3.951,3.797,3.829,304077
2017-03-08,4.0,4.095,3.861,4.036,900666
2017-03-09,4.031,4.088,3.975,4.059,378963
2017-03-10,4.08,4.2,4.077,4.151,635276
2017-03-13,4.15,4.318,4.15,4.25,615802
2017-03-14,4.26,4.4,4.26,4.318,638922
2017-03-15,4.33,4.33,4.267,4.302,265093
2017-03-16,4.308,4.355,4.215,4.241,408493
2017-03-17,4.257,4.4,4.241,4.4,568766
2017-03-20,4.4,4.625,4.4,4.489,585428
2017-03-21,4.51,4.513,4.401,4.401,225072
2017-03-22,4.39,4.501,4.338,4.345,492419
2017-03-23,4.345,4.449,4.329,4.415,141393
2017-03-24,4.4,4.447,4.36,4.427,159788
2017-03-27,4.395,4.434,4.354,4.41,167876
2017-03-28,4.42,4.523,4.4,4.523,414217
2017-03-29,4.444,4.519,4.4,4.489,291989
2017-03-30,4.488,4.6,4.486,4.581,318506
2017-03-31,4.6,4.6,4.53,4.587,206582
2017-04-03,4.6,4.68,4.56,4.63,269979
2017-04-04,4.63,4.675,4.59,4.642,195649
2017-04-05,4.628,4.668,4.469,4.471,268146
2017-04-06,4.476,4.544,4.405,4.5,239828
2017-04-07,4.48,4.498,4.374,4.498,224926
2017-04-10,4.48,4.571,4.48,4.505,183169
2017-04-11,4.48,4.48,4.39,4.431,357747
2017-04-12,4.403,4.532,4.403,4.452,195319
2017-04-13,4.429,4.468,4.4,4.468,167431
2017-04-18,4.438,4.45,4.321,4.339,269479
2017-04-19,4.323,4.412,4.323,4.324,360962
2017-04-20,4.347,4.49,4.347,4.43,245710
2017-04-21,4.43,4.5,4.337,4.34,361170
2017-04-24,4.4,4.47,4.394,4.443,120559
2017-04-25,4.431,4.513,4.405,4.439,163381
2017-04-26,4.422,4.518,4.39,4.51,137774
2017-04-27,4.485,4.579,4.485,4.557,211131
2017-04-28,4.524,4.695,4.524,4.658,284538
2017-05-02,4.649,4.8,4.639,4.75,448977
2017-05-03,4.79,4.79,4.621,4.686,215678
2017-05-04,4.701,4.78,4.701,4.76,262129
2017-05-05,4.769,4.92,4.715,4.909,466244
2017-05-08,4.911,4.937,4.831,4.934,248988
2017-05-09,4.429,4.665,4.392,4.551,1477165
2017-05-10,4.5,4.5,4.115,4.24,1499590
2017-05-11,4.19,4.2,4.02,4.164,1014618
2017-05-12,4.164,4.22,4.112,4.186,477074
2017-05-15,4.233,4.233,4.04,4.191,528971
2017-05-16,4.206,4.226,4.121,4.177,281500
2017-05-17,4.174,4.176,3.981,4.0,411643
2017-05-18,3.971,4.111,3.915,4.067,673192
2017-05-19,4.1,4.186,4.071,4.145,394021
2017-05-22,4.138,4.168,4.082,4.163,290878
2017-05-23,4.164,4.205,4.154,4.184,175010
2017-05-24,4.19,4.19,4.074,4.102,249268
2017-05-25,4.092,4.191,4.07,4.169,171024
2017-05-26,4.187,4.187,4.107,4.14,138256
2017-05-29,4.145,4.145,4.079,4.138,96436
2017-05-30,4.135,4.135,4.073,4.077,102859
2017-05-31,4.08,4.149,4.06,4.069,283584
2017-06-01,4.08,4.08,4.03,4.07,340419
2017-06-02,4.06,4.194,4.06,4.131,222585
2017-06-05,4.14,4.183,4.091,4.123,107498
2017-06-06,4.108,4.138,4.056,4.138,183597
2017-06-07,4.14,4.162,4.1,4.128,145879
2017-06-08,4.108,4.174,4.073,4.119,142122
2017-06-09,4.101,4.187,4.101,4.159,162318
2017-06-12,4.166,4.186,4.1,4.158,120992
2017-06-13,4.156,4.178,4.103,4.171,115043
2017-06-14,4.169,4.327,4.166,4.235,296941
2017-06-15,4.22,4.22,4.1,4.161,332348
2017-06-16,4.13,4.459,4.129,4.422,623098
2017-06-19,4.4,4.47,4.385,4.429,278353
2017-06-20,4.444,4.49,4.416,4.451,188493
2017-06-21,4.419,4.435,4.259,4.269,182790
2017-06-22,4.265,4.46,4.256,4.419,171266
2017-06-23,4.399,4.437,4.298,4.313,100439
2017-06-26,4.314,4.388,4.309,4.384,100070
2017-06-27,4.347,4.439,4.335,4.39,183369
2017-06-28,4.355,4.488,4.292,4.442,245975
2017-06-29,4.407,4.448,4.234,4.266,394925
2017-06-30,4.233,4.3,4.135,4.26,226429
2017-07-03,4.223,4.321,4.197,4.29,148527
2017-07-04,4.251,4.275,4.201,4.254,62616
2017-07-05,4.228,4.277,4.201,4.224,95423
2017-07-06,4.209,4.254,4.154,4.253,100192
2017-07-07,4.253,4.253,4.179,4.24,68460
2017-07-10,4.197,4.266,4.195,4.243,77817
2017-07-11,4.218,4.235,4.173,4.2,75270
2017-07-12,4.216,4.294,4.205,4.255,98364
2017-07-13,4.273,4.29,4.12,4.142,175019
2017-07-14,4.15,4.214,4.1,4.146,150236
2017-07-17,4.15,4.225,4.12,4.225,94319
2017-07-18,4.191,4.2,4.011,4.057,331252
2017-07-19,4.096,4.097,3.88,3.901,595001
2017-07-20,3.946,4.02,3.903,3.929,280873
2017-07-21,3.95,3.994,3.852,3.92,170468
2017-07-24,3.958,3.958,3.83,3.899,216631
2017-07-25,3.888,3.988,3.888,3.964,128396
2017-07-26,3.961,4.051,3.956,4.015,236716
2017-07-27,3.995,4.084,3.995,4.056,96654
2017-07-28,4.034,4.057,3.96,3.999,67243
2017-07-31,4.017,4.04,3.927,3.941,136893
2017-08-01,3.973,4.183,3.973,4.145,198782
2017-08-02,4.15,4.299,4.15,4.232,276519
2017-08-03,4.216,4.221,4.06,4.14,152119
2017-08-04,4.102,4.26,4.09,4.172,184601
2017-08-07,4.16,4.192,4.12,4.177,95745
2017-08-08,4.154,4.252,4.152,4.19,60526
2017-08-09,4.164,4.213,4.062,4.163,165753
2017-08-10,4.16,4.16,4.071,4.097,121188
2017-08-11,4.091,4.113,4.049,4.057,172752
2017-08-14,4.086,4.156,4.055,4.156,134232
2017-08-15,4.15,4.21,4.1,4.194,96810
2017-08-16,4.206,4.265,4.183,4.21,134508
2017-08-17,4.229,4.26,4.001,4.042,219261
2017-08-18,4.014,4.171,4.013,4.087,250090
2017-08-21,4.111,4.16,4.09,4.094,209197
2017-08-22,4.134,4.18,4.05,4.12,158604
2017-08-23,4.25,4.251,3.811,3.888,1157538
2017-08-24,3.9,4.032,3.805,3.848,692248
2017-08-25,3.86,3.92,3.75,3.779,485073
2017-08-28,3.8,3.831,3.69,3.74,335154
2017-08-29,3.748,3.752,3.571,3.642,710894
2017-08-30,3.68,3.75,3.589,3.601,592560
2017-08-31,3.642,3.732,3.551,3.716,583382
2017-09-01,3.744,3.775,3.718,3.754,171575
2017-09-04,3.77,3.77,3.707,3.75,97960
2017-09-05,3.783,3.859,3.755,3.819,195678
2017-09-06,3.848,3.891,3.777,3.805,234731
2017-09-07,3.845,3.845,3.8,3.83,106149
2017-09-08,3.86,3.86,3.775,3.775,166573
2017-09-11,3.8,3.848,3.76,3.833,201332
2017-09-12,3.85,3.87,3.781,3.829,323373
2017-09-13,3.804,3.91,3.804,3.894,259144
2017-09-14,3.878,3.912,3.83,3.862,884386
2017-09-15,3.905,3.905,3.826,3.872,224544
2017-09-18,3.899,3.9,3.835,3.854,125478
2017-09-19,3.842,3.874,3.82,3.843,147212
2017-09-20,3.833,3.854,3.8,3.82,97435
2017-09-21,3.815,3.821,3.612,3.73,439767
2017-09-22,3.7,3.724,3.624,3.676,285802
2017-09-25,3.676,3.809,3.676,3.781,251296
2017-09-26,3.78,3.813,3.744,3.775,188773
2017-09-27,3.751,3.761,3.64,3.761,414821
2017-09-28,3.819,4.049,3.793,4.0,913429
2017-09-29,4.027,4.09,3.981,4.036,505779
2017-10-02,4.076,4.148,4.076,4.1,401759
2017-10-03,4.134,4.134,4.031,4.051,212262
2017-10-04,4.068,4.111,4.009,4.106,180752
2017-10-05,4.117,4.13,4.035,4.109,230052
2017-10-06,4.13,4.134,4.063,4.134,167057
2017-10-09,4.134,4.14,4.034,4.038,200387
2017-10-10,4.03,4.055,4.02,4.03,172171
2017-10-11,4.102,4.23,4.06,4.083,640072
2017-10-12,4.1,4.101,4.011,4.047,248925
2017-10-13,4.04,4.069,4.03,4.05,227748
2017-10-16,4.052,4.064,3.96,3.974,262290
2017-10-17,3.968,3.979,3.87,3.884,237094
2017-10-18,3.908,4.083,3.89,4.083,284806
2017-10-19,4.086,4.086,3.885,3.9,310107
2017-10-20,3.927,3.975,3.91,3.937,175795
2017-10-23,3.95,4.02,3.92,4.011,222010
2017-10-24,4.0,4.007,3.939,3.992,228412
2017-10-25,3.99,4.048,3.96,3.97,218874
2017-10-26,3.95,4.027,3.95,4.027,195911
2017-10-27,4.03,4.09,4.016,4.039,240806
2017-10-30,4.042,4.08,3.95,4.028,283299
2017-10-31,3.98,4.068,3.98,4.037,117106
2017-11-01,4.025,4.094,4.025,4.069,128388
2017-11-02,4.07,4.072,4.0,4.027,167912
2017-11-03,4.025,4.034,3.932,3.999,331057
2017-11-06,3.993,4.078,3.97,4.078,162782
2017-11-07,4.079,4.079,3.92,3.922,178561
2017-11-08,3.885,3.975,3.84,3.938,500740
2017-11-09,3.956,4.03,3.902,3.902,244614
2017-11-10,3.932,3.95,3.885,3.911,193843
2017-11-13,3.915,3.941,3.875,3.914,163395
2017-11-14,3.915,3.966,3.899,3.932,129217
2017-11-15,3.929,3.929,3.89,3.901,148907
2017-11-16,3.908,3.927,3.842,3.9,275291
2017-11-17,3.883,3.902,3.76,3.813,382191
2017-11-20,3.8,3.926,3.784,3.814,316218
2017-11-21,3.84,3.94,3.832,3.922,262914
2017-11-22,3.925,3.96,3.902,3.958,144366
2017-11-23,3.931,3.931,3.838,3.868,121447
2017-11-24,3.88,3.88,3.832,3.867,147446
2017-11-27,3.86,3.87,3.781,3.802,230417
2017-11-28,3.82,3.899,3.81,3.84,254256
2017-11-29,3.84,3.928,3.84,3.876,167759
2017-11-30,3.843,3.863,3.77,3.822,325995
2017-12-01,3.808,3.86,3.77,3.809,155155
2017-12-04,3.8,3.845,3.77,3.786,289623
2017-12-05,3.8,3.913,3.8,3.908,181179
2017-12-06,3.884,3.959,3.831,3.925,244642
2017-12-07,3.92,3.93,3.888,3.898,115784
2017-12-08,3.894,3.935,3.826,3.834,188481
2017-12-11,3.84,3.909,3.84,3.88,113189
2017-12-12,3.875,3.9,3.85,3.873,161041
2017-12-13,3.872,3.9,3.837,3.875,149958
2017-12-14,3.861,3.9,3.823,3.886,168248
2017-12-15,3.9,3.919,3.86,3.893,338390
2017-12-18,3.901,3.99,3.901,3.971,388090
2017-12-19,3.976,4.026,3.97,4.014,277903
2017-12-20,4.001,4.01,3.942,3.952,128124
2017-12-21,3.939,3.94,3.891,3.922,119853
2017-12-22,3.905,3.941,3.872,3.908,108034
2017-12-27,3.9,3.95,3.876,3.933,160665
2017-12-28,3.925,3.936,3.871,3.889,191763
2017-12-29,3.901,3.917,3.86,3.887,155835
2018-01-02,3.902,3.96,3.878,3.934,259710
2018-01-03,3.96,4.032,3.95,3.998,282812
2018-01-04,4.002,4.09,3.992,4.05,399959
2018-01-05,4.066,4.07,4.018,4.046,140678
2018-01-08,4.066,4.092,4.0,4.04,281888
2018-01-09,4.04,4.05,3.992,4.038,179625
2018-01-10,4.038,4.09,4.024,4.086,175125
2018-01-11,4.08,4.086,3.994,4.06,191049
2018-01-12,4.06,4.07,4.038,4.07,144465
2018-01-15,4.08,4.158,4.052,4.15,308352
2018-01-16,4.15,4.374,4.148,4.336,749486
2018-01-17,4.324,4.324,4.102,4.13,341866
2018-01-18,4.15,4.164,4.058,4.094,225409
2018-01-19,4.1,4.226,4.1,4.22,163555
2018-01-22,4.28,4.282,4.202,4.224,172825
2018-01-23,4.232,4.232,4.058,4.102,322406
2018-01-24,4.098,4.11,4.058,4.08,114666
2018-01-25,4.078,4.126,4.044,4.116,212360
2018-01-26,4.12,4.152,4.07,4.152,173191
2018-01-29,4.15,4.15,4.07,4.094,201784
2018-01-30,4.1,4.1,4.036,4.056,210010
2018-01-31,4.056,4.116,4.03,4.046,291369
2018-02-01,4.08,4.08,4.01,4.01,176559
2018-02-02,4.01,4.034,3.92,3.948,219149
2018-02-05,3.906,3.91,3.79,3.812,433751
2018-02-06,3.75,3.87,3.686,3.85,590865
2018-02-07,3.93,3.994,3.844,3.976,272307
2018-02-08,3.966,3.966,3.8,3.81,257603
2018-02-09,3.8,3.864,3.752,3.824,245034
2018-02-12,3.85,3.892,3.83,3.844,137242
2018-02-13,3.842,3.872,3.75,3.768,179144
2018-02-14,3.768,3.86,3.76,3.836,120773
2018-02-15,3.884,3.89,3.806,3.822,111105
2018-02-16,3.84,3.978,3.836,3.956,166072
2018-02-19,3.96,3.96,3.85,3.858,90787
2018-02-20,3.86,3.928,3.848,3.906,73347
2018-02-21,3.922,3.986,3.868,3.974,208077
2018-02-22,3.976,4.146,3.946,4.124,542641
2018-02-23,4.128,4.128,3.98,4.004,197151
2018-02-26,4.02,4.06,3.982,4.052,70413
2018-02-27,4.028,4.1,4.0,4.092,186558
2018-02-28,4.062,4.09,4.012,4.042,153951
2018-03-01,4.05,4.094,4.006,4.04,247400
2018-03-02,4.04,4.04,3.9,3.918,165935
2018-03-05,3.888,3.92,3.83,3.888,239277
2018-03-06,3.92,3.982,3.854,3.908,241578
2018-03-07,3.77,3.89,3.64,3.64,1115387
2018-03-08,3.7,3.848,3.65,3.848,511009
2018-03-09,3.866,3.866,3.61,3.656,591183
2018-03-12,3.682,3.686,3.426,3.506,1060865
2018-03-13,3.502,3.526,3.296,3.3,1500190
2018-03-14,3.292,3.324,3.22,3.3,982574
2018-03-15,3.354,3.38,3.298,3.3,698837
2018-03-16,3.3,3.342,3.23,3.242,830860
2018-03-19,3.28,3.29,3.14,3.154,1220587
2018-03-20,3.162,3.23,3.09,3.09,1165682
2018-03-21,3.104,3.196,3.104,3.14,840456
2018-03-22,3.128,3.138,2.992,3.012,992059
2018-03-23,3.008,3.05,2.98,3.014,574889
2018-03-26,3.022,3.058,2.938,2.938,905231
2018-03-27,2.978,3.034,2.914,2.93,808025
2018-03-28,2.9,3.014,2.88,2.998,633264
2018-03-29,3.02,3.196,3.006,3.146,940018
2018-04-03,3.14,3.168,2.916,2.96,1040125
2018-04-04,2.984,2.984,2.882,2.926,714123
2018-04-05,2.972,2.976,2.892,2.914,818543
2018-04-06,2.916,2.972,2.912,2.946,331466
2018-04-09,2.96,3.008,2.932,2.976,314482
2018-04-10,3.0,3.012,2.922,2.962,312651
2018-04-11,2.96,2.998,2.926,2.94,222486
2018-04-12,2.938,3.016,2.93,2.978,303549
2018-04-13,2.968,3.03,2.958,2.984,202046
2018-04-16,3.0,3.016,2.93,2.94,338749
2018-04-17,2.932,2.97,2.912,2.936,358626
2018-04-18,2.948,3.078,2.906,3.0,690916
2018-04-19,3.008,3.012,2.96,2.988,312552
2018-04-20,2.978,3.04,2.954,3.0,339917
2018-04-23,2.992,3.024,2.964,3.0,486178
2018-04-24,3.01,3.04,2.97,2.99,283932
2018-04-25,2.966,2.982,2.954,2.964,277266
2018-04-26,2.958,2.992,2.906,2.96,638133
2018-04-27,2.94,3.034,2.94,2.978,322486
2018-04-30,3.0,3.022,2.932,2.964,516135
2018-05-02,2.984,3.048,2.982,3.04,281833
2018-05-03,3.026,3.026,2.972,3.012,191955
2018-05-04,3.018,3.038,2.974,3.0,329954
2018-05-07,3.0,3.0,2.938,2.972,426544
2018-05-08,3.03,3.136,2.972,2.986,893568
2018-05-09,2.998,3.146,2.96,3.102,573060
2018-05-10,3.1,3.186,3.038,3.038,303547
2018-05-11,3.046,3.078,3.04,3.042,173704
2018-05-14,3.05,3.102,3.022,3.028,287341
2018-05-15,3.02,3.058,3.01,3.032,182661
2018-05-16,3.038,3.12,3.028,3.056,334956
2018-05-17,3.054,3.1,3.04,3.058,253646
2018-05-18,3.05,3.052,2.954,2.988,636347
2018-05-21,2.978,3.03,2.962,2.964,263707
2018-05-22,2.97,3.04,2.97,3.002,404408
2018-05-23,2.976,3.086,2.972,3.056,392553
2018-05-24,3.058,3.058,2.994,3.032,3756511
2018-05-25,3.038,3.148,3.034,3.116,557065
2018-05-28,3.122,3.21,3.122,3.172,376983
2018-05-29,3.2,3.2,3.06,3.068,553258
2018-05-30,3.062,3.088,3.04,3.074,269944
2018-05-31,3.096,3.108,3.04,3.066,539307
2018-06-01,3.074,3.168,3.056,3.11,333407
2018-06-04,3.144,3.204,3.12,3.196,485676
2018-06-05,3.2,3.22,3.156,3.194,435569
2018-06-06,3.19,3.268,3.17,3.224,511458
2018-06-07,3.24,3.276,3.182,3.194,483150
2018-06-08,3.182,3.23,3.162,3.2,374426
2018-06-11,3.226,3.3,3.226,3.298,344477
2018-06-12,3.292,3.328,3.28,3.314,492389
2018-06-13,3.31,3.31,3.232,3.252,390707
2018-06-14,3.24,3.242,3.17,3.206,320291
2018-06-15,3.2,3.288,3.2,3.23,590066
2018-06-18,3.222,3.29,3.218,3.244,276300
2018-06-19,3.228,3.238,3.128,3.21,504252
2018-06-20,3.226,3.25,3.204,3.244,302206
2018-06-21,3.238,3.31,3.222,3.254,470911
2018-06-22,3.278,3.37,3.25,3.37,758038
2018-06-25,3.4,3.42,3.302,3.386,919058
2018-06-26,3.42,3.432,3.314,3.372,1005188
2018-06-27,3.37,3.38,3.3,3.322,1083529
2018-06-28,3.35,3.46,3.32,3.452,1047424
2018-06-29,3.47,3.62,3.462,3.6,1109691
2018-07-02,3.578,3.654,3.494,3.64,782875
2018-07-03,3.63,3.764,3.61,3.752,902767
2018-07-04,3.754,3.806,3.718,3.762,552646
2018-07-05,3.79,3.84,3.752,3.828,483126
2018-07-06,3.82,3.866,3.786,3.844,863438
2018-07-09,3.9,3.964,3.872,3.894,808346
2018-07-10,3.9,3.978,3.874,3.966,523082
2018-07-11,3.968,3.97,3.882,3.886,308148
2018-07-12,3.876,3.974,3.876,3.946,403704
2018-07-13,3.968,3.988,3.882,3.908,416130
2018-07-16,3.9,3.91,3.874,3.89,240673
2018-07-17,3.888,4.0,3.826,4.0,679112
2018-07-18,3.992,4.0,3.936,3.978,722403
2018-07-19,3.96,4.046,3.932,4.04,484944
2018-07-20,4.04,4.072,3.966,3.992,304284
2018-07-23,3.954,4.044,3.94,4.028,289064
2018-07-24,4.022,4.056,4.002,4.03,316071
2018-07-25,4.002,4.084,4.002,4.062,347148
2018-07-26,4.054,4.098,4.032,4.082,471980
2018-07-27,4.086,4.1,4.04,4.064,362716
2018-07-30,4.05,4.158,4.042,4.116,681215
2018-07-31,4.11,4.13,4.076,4.086,476261
2018-08-01,4.076,4.128,4.012,4.012,469981
2018-08-02,4.012,4.066,3.974,4.044,1247239
2018-08-03,4.074,4.09,4.002,4.064,985828
2018-08-06,4.052,4.09,4.042,4.068,271448
2018-08-07,4.076,4.132,4.07,4.07,279445
2018-08-08,4.08,4.1,4.042,4.084,254616
2018-08-09,4.07,4.12,4.068,4.102,214926
2018-08-10,4.096,4.096,3.986,3.992,256976
2018-08-13,3.976,4.052,3.89,4.038,420583
2018-08-14,4.054,4.1,4.044,4.098,404529
2018-08-15,4.1,4.194,4.1,4.114,457932
2018-08-16,4.112,4.112,4.044,4.06,201508
2018-08-17,4.088,4.088,3.952,3.96,217874
2018-08-20,3.94,4.018,3.924,4.0,182909
2018-08-21,3.98,4.048,3.972,4.0,350651
2018-08-22,3.602,3.84,3.456,3.72,2742957
2018-08-23,3.734,3.782,3.65,3.718,811946
2018-08-24,3.74,3.782,3.652,3.656,804055
2018-08-27,3.66,3.718,3.65,3.66,293157
2018-08-28,3.796,3.886,3.772,3.802,683003
2018-08-29,3.844,3.844,3.738,3.8,572705
2018-08-30,3.828,3.84,3.788,3.794,485767
2018-08-31,3.784,3.82,3.77,3.812,155615
2018-09-03,3.8,3.822,3.778,3.794,135893
2018-09-04,3.798,3.814,3.702,3.748,271691
2018-09-05,3.748,3.82,3.726,3.748,287332
2018-09-06,3.784,3.806,3.716,3.75,290915
2018-09-07,3.772,3.78,3.702,3.756,218136
2018-09-10,3.75,3.768,3.702,3.702,207286
2018-09-11,3.712,3.812,3.71,3.782,310871
2018-09-12,3.77,3.848,3.77,3.824,169560
2018-09-13,3.79,4.198,3.782,3.852,1588180
2018-09-14,3.9,3.966,3.82,3.938,439190
2018-09-17,3.928,3.974,3.92,3.962,347418
2018-09-18,3.968,4.048,3.932,4.038,377970
2018-09-19,4.04,4.09,4.02,4.06,307507
2018-09-20,4.06,4.114,4.034,4.08,439302
2018-09-21,4.08,4.09,4.002,4.064,619069
2018-09-24,4.07,4.108,4.038,4.062,311396
2018-09-25,4.042,4.09,4.026,4.032,305990
2018-09-26,4.016,4.03,3.934,3.964,361902
2018-09-27,3.936,3.99,3.918,3.962,203736
2018-09-28,3.958,3.988,3.906,3.954,332107
2018-10-01,3.96,4.06,3.96,4.058,348168
2018-10-02,4.06,4.06,3.94,3.948,172122
2018-10-03,3.94,3.994,3.928,3.95,119770
2018-10-04,3.95,3.982,3.912,3.944,234974
2018-10-05,3.944,3.97,3.862,3.916,332946
2018-10-08,3.876,3.884,3.782,3.784,249570
2018-10-09,3.784,3.842,3.744,3.796,374862
2018-10-10,3.772,3.82,3.71,3.732,348657
2018-10-11,3.7,3.79,3.55,3.74,972295
2018-10-12,3.77,3.84,3.758,3.776,169997
2018-10-15,3.732,3.85,3.73,3.828,306621
2018-10-16,3.808,3.898,3.808,3.844,227005
2018-10-17,3.872,3.89,3.802,3.866,215082
2018-10-18,3.866,3.98,3.866,3.96,224994
2018-10-19,3.972,3.972,3.846,3.846,133606
2018-10-22,3.86,4.07,3.816,3.848,811061
2018-10-23,3.84,3.84,3.786,3.816,285388
2018-10-24,3.786,3.882,3.786,3.816,235545
2018-10-25,3.782,3.852,3.77,3.832,319307
2018-10-26,3.83,3.852,3.77,3.834,191547
2018-10-29,3.828,3.892,3.76,3.84,128868
2018-10-30,3.856,3.87,3.794,3.828,306749
2018-10-31,3.84,3.998,3.84,3.944,271673
2018-11-01,3.972,4.064,3.96,3.978,277149
2018-11-02,4.0,4.096,3.964,3.964,235169
2018-11-05,3.96,4.03,3.838,3.838,339825
2018-11-06,3.85,3.87,3.76,3.868,298723
2018-11-07,3.75,3.95,3.75,3.92,219164
2018-11-08,3.9,3.954,3.866,3.908,121938
2018-11-09,3.868,3.912,3.806,3.81,128667
2018-11-12,3.81,3.846,3.734,3.742,298929
2018-11-13,3.712,3.914,3.702,3.9,418479
2018-11-14,3.9,3.9,3.75,3.752,292398
2018-11-15,3.806,3.838,3.75,3.8,251474
2018-11-16,3.778,3.84,3.746,3.764,138480
2018-11-19,3.74,3.778,3.722,3.73,163707
2018-11-20,3.722,3.778,3.682,3.768,252849
2018-11-21,3.78,3.798,3.716,3.786,203111
2018-11-22,3.802,3.942,3.802,3.864,195992
2018-11-23,3.872,3.912,3.838,3.908,134813
2018-11-26,3.89,3.958,3.826,3.826,173857
2018-11-27,3.82,3.862,3.8,3.834,123175
2018-11-28,3.824,3.864,3.8,3.806,95912
2018-11-29,3.8,3.908,3.8,3.874,223658
2018-11-30,3.86,3.882,3.786,3.8,424272
2018-12-03,3.826,3.834,3.77,3.778,186262
2018-12-04,3.76,3.8,3.76,3.77,113330
2018-12-05,3.78,3.79,3.75,3.758,231498
2018-12-06,3.73,3.75,3.67,3.71,450088
2018-12-07,3.74,3.8,3.672,3.692,160382
2018-12-10,3.65,3.684,3.452,3.452,322679
2018-12-11,3.496,3.534,3.274,3.276,570493
2018-12-12,3.34,3.38,3.246,3.33,392037
2018-12-13,3.378,3.38,3.246,3.306,257509
2018-12-14,3.3,3.334,3.214,3.334,322053
2018-12-17,3.38,3.392,3.312,3.312,293595
2018-12-18,3.328,3.328,3.218,3.224,313094
2018-12-19,3.22,3.298,3.19,3.226,368056
2018-12-20,3.212,3.296,3.18,3.24,241723
2018-12-21,3.206,3.3,3.204,3.25,397820
2018-12-24,3.2,3.242,3.18,3.18,89070
2018-12-27,3.2,3.244,3.134,3.166,279684
2018-12-28,3.236,3.344,3.184,3.324,235457
2018-12-31,3.35,3.368,3.282,3.33,127575
2019-01-02,3.34,3.376,3.282,3.32,224782
2019-01-03,3.296,3.306,3.248,3.294,163069
2019-01-04,3.29,3.422,3.282,3.41,194086
2019-01-07,3.402,3.428,3.37,3.426,94635
2019-01-08,3.428,3.428,3.366,3.368,161317
2019-01-09,3.402,3.402,3.234,3.256,364497
2019-01-10,3.254,3.302,3.22,3.276,211400
2019-01-11,3.27,3.386,3.27,3.318,349725
2019-01-14,3.35,3.35,3.278,3.31,264671
2019-01-15,3.31,3.334,3.262,3.28,145265
2019-01-16,3.286,3.29,3.242,3.264,148628
2019-01-17,3.26,3.308,3.25,3.298,177464
2019-01-18,3.32,3.334,3.278,3.308,185533
2019-01-21,3.32,3.37,3.31,3.356,88353
2019-01-22,3.338,3.41,3.338,3.392,158356
2019-01-23,3.348,3.414,3.32,3.334,305829
2019-01-24,3.33,3.364,3.302,3.352,156520
2019-01-25,3.328,3.442,3.328,3.42,150052
2019-01-28,3.446,3.446,3.38,3.428,177903
2019-01-29,3.446,3.452,3.408,3.434,212926
2019-01-30,3.428,3.428,3.35,3.374,148451
2019-01-31,3.386,3.434,3.386,3.434,114224
2019-02-01,3.4,3.516,3.4,3.466,319449
2019-02-04,3.448,3.512,3.448,3.472,127114
2019-02-05,3.5,3.5,3.456,3.47,52264
2019-02-06,3.46,3.516,3.46,3.496,71259
2019-02-07,3.512,3.518,3.43,3.488,173364
2019-02-08,3.516,3.516,3.402,3.45,131827
2019-02-11,3.45,3.5,3.438,3.468,77940
2019-02-12,3.484,3.538,3.452,3.52,188918
2019-02-13,3.488,3.522,3.484,3.49,96935
2019-02-14,3.48,3.5,3.434,3.44,208980
2019-02-15,3.44,3.5,3.41,3.49,144815
2019-02-18,3.478,3.518,3.478,3.5,109865
2019-02-19,3.5,3.51,3.464,3.504,147362
2019-02-20,3.474,3.528,3.46,3.5,109152
2019-02-21,3.5,3.5,3.442,3.478,301413
2019-02-22,3.478,3.484,3.434,3.448,203136
2019-02-25,3.47,3.47,3.312,3.358,530286
2019-02-26,3.378,3.402,3.306,3.372,183520
2019-02-27,3.348,3.37,3.328,3.35,623849
2019-02-28,3.35,3.41,3.342,3.41,285378
2019-03-01,3.41,3.62,3.41,3.574,334398
2019-03-04,3.558,3.644,3.552,3.552,132267
2019-03-05,3.522,3.56,3.516,3.56,66097
2019-03-06,3.542,3.562,3.528,3.562,132547
2019-03-07,3.58,3.58,3.506,3.55,161217
2019-03-08,3.508,3.57,3.49,3.57,268980
2019-03-11,3.56,3.664,3.56,3.664,906374
2019-03-12,3.656,3.746,3.588,3.63,244032
2019-03-13,3.406,3.848,3.4,3.842,812418
2019-03-14,3.85,3.85,3.754,3.84,352591
2019-03-15,3.812,3.812,3.752,3.76,362777
2019-03-18,3.752,3.754,3.658,3.666,200195
2019-03-19,3.642,3.696,3.642,3.672,98359
2019-03-20,3.65,3.712,3.65,3.652,103902
2019-03-21,3.652,3.696,3.65,3.66,190352
2019-03-22,3.696,3.74,3.64,3.682,366480
2019-03-25,3.67,3.722,3.668,3.686,210609
2019-03-26,3.682,3.76,3.682,3.72,169774
2019-03-27,3.72,3.728,3.7,3.716,133782
2019-03-28,3.7,3.73,3.688,3.71,208405
2019-03-29,3.7,3.732,3.698,3.712,56888
2019-04-01,3.738,3.776,3.668,3.716,207903
2019-04-02,3.708,3.758,3.7,3.738,181453
2019-04-03,3.782,3.84,3.768,3.814,255307
2019-04-04,3.8,3.816,3.77,3.79,61102
2019-04-05,3.79,3.82,3.77,3.788,154956
2019-04-08,3.782,3.782,3.748,3.762,140667
2019-04-09,3.738,3.95,3.738,3.868,448351
2019-04-10,3.834,3.882,3.796,3.802,164527
2019-04-11,3.8,3.82,3.78,3.792,102526
2019-04-12,3.77,3.864,3.77,3.864,197451
2019-04-15,3.85,3.872,3.82,3.842,74512
2019-04-16,3.836,3.858,3.804,3.826,219678
2019-04-17,3.85,3.858,3.802,3.832,128683
2019-04-18,3.81,3.888,3.81,3.87,163371
2019-04-23,3.85,3.92,3.83,3.908,178662
2019-04-24,3.932,3.932,3.854,3.858,90519
2019-04-25,3.836,3.89,3.83,3.886,136244
2019-04-26,3.866,3.95,3.85,3.896,280752
2019-04-29,3.918,3.918,3.832,3.848,88884
2019-04-30,3.85,3.874,3.824,3.852,102229
2019-05-02,3.84,3.874,3.822,3.844,140684
2019-05-03,3.85,3.868,3.84,3.862,89863
2019-05-06,3.804,3.856,3.798,3.832,94943
2019-05-07,3.84,3.888,3.804,3.842,140686
2019-05-08,3.886,3.886,3.76,3.84,236711
2019-05-09,3.802,3.838,3.728,3.772,202418
2019-05-10,3.8,3.876,3.784,3.838,206728
2019-05-13,3.838,3.838,3.744,3.744,183556
2019-05-14,3.822,3.83,3.61,3.688,423948
2019-05-15,3.702,3.77,3.644,3.654,207779
2019-05-16,3.636,3.684,3.6,3.684,352684
2019-05-17,3.684,3.684,3.61,3.634,181863
2019-05-20,3.62,3.688,3.62,3.672,232176
2019-05-21,3.66,3.742,3.654,3.704,255047
2019-05-22,3.67,3.764,3.67,3.764,192856
2019-05-23,3.75,3.774,3.706,3.766,114823
2019-05-24,3.754,3.794,3.724,3.784,228908
2019-05-27,3.766,3.84,3.712,3.776,217763
2019-05-28,3.756,3.778,3.66,3.734,391852
2019-05-29,3.696,3.696,3.644,3.648,174154
2019-05-30,3.688,3.688,3.624,3.666,99246
2019-05-31,3.654,3.69,3.634,3.634,65920
2019-06-03,3.624,3.624,3.55,3.62,284358
2019-06-04,3.602,3.65,3.55,3.65,247206
2019-06-05,3.68,3.7,3.59,3.6,222461
2019-06-06,3.6,3.628,3.56,3.606,223447
2019-06-07,3.588,3.638,3.588,3.628,170676
2019-06-10,3.612,3.624,3.58,3.592,110146
2019-06-11,3.58,3.658,3.58,3.644,190152
2019-06-12,3.602,3.644,3.544,3.584,314494
2019-06-13,3.608,3.62,3.56,3.566,185272
2019-06-14,3.598,3.598,3.502,3.51,273692
2019-06-17,3.514,3.536,3.474,3.53,327727
2019-06-18,3.504,3.546,3.482,3.542,152502
2019-06-19,3.516,3.564,3.48,3.55,155405
2019-06-20,3.55,3.566,3.504,3.516,117599
2019-06-21,3.5,3.542,3.478,3.478,213677
